<?xml version="1.0" encoding="UTF-8"?>
<!DOCTYPE hibernate-configuration PUBLIC "-
//Hibernate/Hibernate Configuration DTD 3.0//EN" 
"http://hibernate.sourceforge.net/hibernate-configuration-3.0.dtd">

<hibernate-configuration>
	<session-factory>
		<property name="hibernate.dialect">org.hibernate.dialect.MySQLDialect</property>
		<property name="hibernate.connection.driver_class">com.mysql.jdbc.Driver</property>
		<property name="hibernate.connection.url">jdbc:mysql://localhost:3306/urllightlist</property>
		<property name="hibernate.connection.username">tielle</property>
		<property name="hibernate.connection.password">12345</property>
		
		<property name="hibernate.show_sql">false</property>
		<property name="hibernate.format_sql">false</property>
		<property name="hibernate.hbm2ddl.auto">update</property>
	

		<!-- Mapeamento das Classes -->
		<mapping class="urllightlist.entidade.Categoria"/>
		<mapping class="urllightlist.entidade.Dominio"/>
		<mapping class="urllightlist.entidade.Administrador"/>
		<mapping class="urllightlist.entidade.Reclassificacao"/>

	</session-factory>
</hibernate-configuration>






